{
  "lastUpdateGMT": "2019-05-02 01:44:44",
  "result": [
    {
      "operatingFlight": {
        "carrierCode": "CX",
        "flightNumber": "315"
      },
      "origin": null,
      "destination": null,
      "departScheduled": null,
      "arrivalScheduled": null,
      "sectors": [
        {
          "codeShareFlights": [],
          "codeShareNature": null,

          "origin": "HKG",
          "destination": "MAD",
          "flightStatus": "REROUTED",
          "originScheduledOffset": "+0800",
          "originEstimatedOffset": "+0800",

          "destinationScheduledOffset": "+0200",
          "destinationEstimatedOffset": "+0200",


          "departScheduled": "2019-04-26 00:50:00",
          "departEstimated": "2019-04-26 00:50:00",

          "arrivalScheduled": "2019-04-26 08:50:00",
          "arrivalEstimated": "2019-04-26 08:50:00",

          "originActualOffset": null,
          "destinationActualOffset": null,

          "departActual": null,
          "arrivalActual": null,

          "nextUpdate": null,
          "isProvisional": false,

          "scenarioID": 1,
          "adviceToPassengers": [],
          "sequenceId": 1
        },
        {
          "codeShareFlights": [],
          "codeShareNature": null,
          "origin": "HKG",
          "destination": "FRA",
          "originScheduledOffset": "+0800",
          "originEstimatedOffset": "+0800",
          "originActualOffset": "+0800",
          "destinationScheduledOffset": "+0200",
          "destinationEstimatedOffset": "+0200",
          "destinationActualOffset": "+0200",
          "nextUpdate": null,
          "isProvisional": false,
          "departScheduled": "2019-04-26 00:50:00",
          "departEstimated": "2019-04-26 00:50:00",
          "departActual": "2019-04-26 00:50:00",
          "arrivalScheduled": "2019-04-26 06:59:00",
          "arrivalEstimated": "2019-04-26 06:59:00",
          "arrivalActual": "2019-04-26 06:59:00",
          "flightStatus": "ARRIVED",
          "scenarioID": 7,
          "adviceToPassengers": [],
          "sequenceId": 1
        },
        {
          "codeShareFlights": [],
          "codeShareNature": null,
          "origin": "FRA",
          "destination": "MAD",
          "originScheduledOffset": "+0200",
          "originEstimatedOffset": "+0200",
          "originActualOffset": "+0200",
          "destinationScheduledOffset": "+0200",
          "destinationEstimatedOffset": "+0200",
          "destinationActualOffset": "+0200",
          "nextUpdate": null,
          "isProvisional": false,
          "departScheduled": "2019-04-27 19:23:00",
          "departEstimated": "2019-04-27 19:23:00",
          "departActual": "2019-04-27 19:23:00",
          "arrivalScheduled": "2019-04-26 10:25:00",
          "arrivalEstimated": "2019-04-27 21:40:00",
          "arrivalActual": "2019-04-27 21:43:00",
          "flightStatus": "ARRIVED",
          "scenarioID": 6,
          "adviceToPassengers": [],
          "sequenceId": 2
        }
      ]
    },
    {
      "operatingFlight": {
        "carrierCode": "CX",
        "flightNumber": "315"
      },
      "origin": null,
      "destination": null,
      "departScheduled": null,
      "arrivalScheduled": null,
      "sectors": [
        {
          "codeShareFlights": [],
          "codeShareNature": null,
          "origin": "HKG",
          "destination": "MAD",
          "originScheduledOffset": "+0800",
          "originEstimatedOffset": "+0800",
          "originActualOffset": "+0800",
          "destinationScheduledOffset": "+0200",
          "destinationEstimatedOffset": "+0200",
          "destinationActualOffset": "+0200",
          "nextUpdate": null,
          "isProvisional": false,
          "departScheduled": "2019-04-27 00:50:00",
          "departEstimated": "2019-04-27 00:50:00",
          "departActual": "2019-04-27 00:55:00",
          "arrivalScheduled": "2019-04-27 08:50:00",
          "arrivalEstimated": "2019-04-27 08:44:00",
          "arrivalActual": "2019-04-27 08:43:00",
          "flightStatus": "ARRIVED",
          "scenarioID": 7,
          "adviceToPassengers": [],
          "sequenceId": 1
        }
      ]
    }
  ],
  "errors": null
}
