<?xml version="1.0" encoding="UTF-8"?>
<FlightViewResults xmlns:xsi="http://www.w3.org/2001/XMLSchema-instance" xsi:noNamespaceSchemaLocation="./FlightViewBase.xsd">
  <QueryProcessingStamp QueryProcessingStampId="2019-05-06|13:27:30|KHAN|23269:37">
    <DateTime>
      <Date>2019-05-06</Date>
      <Time>13:27:30</Time>
      <UTC/>
    </DateTime>
    <QueryServer>
      <Host>KHAN</Host>
      <XMLGenerator>
        <Name>fvXML</Name>
        <Version>3.0.5.56</Version>
      </XMLGenerator>
    </QueryServer>
    <QueryRequest>ACID=CX450&amp;DEPDATE=20190506</QueryRequest>
    <Result>
      <ResultStatus>
        <OK/>
      </ResultStatus>
      <ResultCode>0</ResultCode>
      <ResultMessage>2 flight(s) found for this request</ResultMessage>
    </Result>
  </QueryProcessingStamp>
  <Flight FlightId="CX450:HKG:2019-05-06:0200">
    <FlightId>
      <FlightNumber>450</FlightNumber>
      <CommercialAirline>
        <AirlineId>
          <AirlineCode>CX</AirlineCode>
          <IATACode/>
        </AirlineId>
        <AirlineName>Cathay Pacific</AirlineName>
      </CommercialAirline>
      <OrigDate utc="2019-05-06">2019-05-06</OrigDate>
      <OperatingFlight/>
      <CodeShare>
        <FlightNumber>7044</FlightNumber>
        <CommercialAirline>
          <AirlineId>
            <AirlineCode>JL</AirlineCode>
            <IATACode/>
          </AirlineId>
          <AirlineName>Japan Airlines</AirlineName>
        </CommercialAirline>
      </CodeShare>
      <CodeShare>
        <FlightNumber>5450</FlightNumber>
        <CommercialAirline>
          <AirlineId>
            <AirlineCode>KA</AirlineCode>
            <IATACode/>
          </AirlineId>
          <AirlineName>Dragon Air</AirlineName>
        </CommercialAirline>
      </CodeShare>
    </FlightId>
    <Aircraft>
      <AircraftType>773</AircraftType>
      <TailNumber>BHNK</TailNumber>
    </Aircraft>
    <FlightStatus>
      <InGate/>
      <Original/>
    </FlightStatus>
    <Departure>
      <Airport>
        <AirportId>
          <AirportCode>HKG</AirportCode>
          <IATACode/>
        </AirportId>
        <AirportName>HONG KONG INTL</AirportName>
        <AirportLocation>
          <CityName>HONG KONG</CityName>
          <CountryId>HK</CountryId>
        </AirportLocation>
        <Terminal>T1</Terminal>
        <Gate>60</Gate>
      </Airport>
      <DateTime>
        <Date utc="2019-05-06">2019-05-06</Date>
        <Time utc="02:00:00">10:00:00</Time>
        <Local/>
        <Scheduled/>
        <GateTime/>
        <ScheduleData/>
      </DateTime>
      <DateTime>
        <Date utc="2019-05-06">2019-05-06</Date>
        <Time utc="02:11:00">10:11:00</Time>
        <Local/>
        <Actual/>
        <GateTime/>
        <AirlineData/>
      </DateTime>
      <DateTime>
        <Date utc="2019-05-06">2019-05-06</Date>
        <Time utc="02:48:00">10:48:00</Time>
        <Local/>
        <Actual/>
        <RunwayTime/>
        <AirlineData/>
      </DateTime>
      <Original/>
      <DelayReason>
        <Code>06</Code>
      </DelayReason>
    </Departure>
    <Arrival>
      <Airport>
        <AirportId>
          <AirportCode>TPE</AirportCode>
          <IATACode/>
        </AirportId>
        <AirportName>TAIWAN TAOYUAN INTL AIRPORT</AirportName>
        <AirportLocation>
          <CityName>TAIPEI</CityName>
          <CountryId>TW</CountryId>
        </AirportLocation>
        <Terminal>T1</Terminal>
        <Gate>B6</Gate>
        <Baggage>4B</Baggage>
      </Airport>
      <DateTime>
        <Date utc="2019-05-06">2019-05-06</Date>
        <Time utc="03:55:00">11:55:00</Time>
        <Local/>
        <Scheduled/>
        <GateTime/>
        <ScheduleData/>
      </DateTime>
      <DateTime>
        <Date utc="2019-05-06">2019-05-06</Date>
        <Time utc="04:05:00">12:05:00</Time>
        <Local/>
        <Actual/>
        <RunwayTime/>
        <AirlineData/>
      </DateTime>
      <Original/>
      <DelayReason>
        <Code>06</Code>
      </DelayReason>
    </Arrival>
    <SvcType>J</SvcType>
    <SchedInfoPresent>Y</SchedInfoPresent>
    <RelativeTime>
      <Remaining/>
    </RelativeTime>
    <SeqNum>1</SeqNum>
    <NumLegs>2</NumLegs>
    <AircraftPreviousFlightLeg>
      <FlightId>
        <FlightNumber>902</FlightNumber>
        <CommercialAirline>
          <AirlineId>
            <AirlineCode>CX</AirlineCode>
            <IATACode/>
          </AirlineId>
          <AirlineName>Cathay Pacific</AirlineName>
        </CommercialAirline>
      </FlightId>
      <Arrival>
        <DateTime>
          <Date utc="2019-05-05">2019-05-05</Date>
          <Time utc="14:45:00">22:45:00</Time>
          <Local/>
          <Scheduled/>
          <GateTime/>
          <ScheduleData/>
        </DateTime>
      </Arrival>
    </AircraftPreviousFlightLeg>
    <DownLineInfo>
      <FlightLeg Departure="TPE" DepContext="IATA" Arrival="NRT" ArrContext="IATA"/>
    </DownLineInfo>
  </Flight>
  <Flight FlightId="CX450:TPE:2019-05-06:0500">
    <FlightId>
      <FlightNumber>450</FlightNumber>
      <CommercialAirline>
        <AirlineId>
          <AirlineCode>CX</AirlineCode>
          <IATACode/>
        </AirlineId>
        <AirlineName>Cathay Pacific</AirlineName>
      </CommercialAirline>
      <OrigDate utc="2019-05-06">2019-05-06</OrigDate>
      <OperatingFlight/>
      <CodeShare>
        <FlightNumber>7044</FlightNumber>
        <CommercialAirline>
          <AirlineId>
            <AirlineCode>JL</AirlineCode>
            <IATACode/>
          </AirlineId>
          <AirlineName>Japan Airlines</AirlineName>
        </CommercialAirline>
      </CodeShare>
    </FlightId>
    <Aircraft>
      <AircraftType>773</AircraftType>
      <TailNumber>BHNK</TailNumber>
    </Aircraft>
    <FlightStatus>
      <InGate/>
      <Original/>
    </FlightStatus>
    <Departure>
      <Airport>
        <AirportId>
          <AirportCode>TPE</AirportCode>
          <IATACode/>
        </AirportId>
        <AirportName>TAIWAN TAOYUAN INTL AIRPORT</AirportName>
        <AirportLocation>
          <CityName>TAIPEI</CityName>
          <CountryId>TW</CountryId>
        </AirportLocation>
        <Terminal>T1</Terminal>
        <Gate>B6</Gate>
      </Airport>
      <DateTime>
        <Date utc="2019-05-06">2019-05-06</Date>
        <Time utc="05:00:00">13:00:00</Time>
        <Local/>
        <Scheduled/>
        <GateTime/>
        <ScheduleData/>
      </DateTime>
      <DateTime>
        <Date utc="2019-05-06">2019-05-06</Date>
        <Time utc="05:08:00">13:08:00</Time>
        <Local/>
        <Actual/>
        <GateTime/>
        <AirlineData/>
      </DateTime>
      <DateTime>
        <Date utc="2019-05-06">2019-05-06</Date>
        <Time utc="05:33:00">13:33:00</Time>
        <Local/>
        <Actual/>
        <RunwayTime/>
        <AirlineData/>
      </DateTime>
      <Original/>
      <DelayReason>
        <Code>06</Code>
      </DelayReason>
      <CheckInCounter>2</CheckInCounter>
    </Departure>
    <Arrival>
      <Airport>
        <AirportId>
          <AirportCode>NRT</AirportCode>
          <IATACode/>
        </AirportId>
        <AirportName>NARITA INTERNATIONAL AIRPORT</AirportName>
        <AirportLocation>
          <CityName>TOKYO</CityName>
          <CountryId>JP</CountryId>
        </AirportLocation>
        <Terminal>T2</Terminal>
        <Gate>71</Gate>
      </Airport>
      <DateTime>
        <Date utc="2019-05-06">2019-05-06</Date>
        <Time utc="08:20:00">17:20:00</Time>
        <Local/>
        <Scheduled/>
        <GateTime/>
        <ScheduleData/>
      </DateTime>
      <DateTime>
        <Date utc="2019-05-06">2019-05-06</Date>
        <Time utc="08:18:00">17:18:00</Time>
        <Local/>
        <Actual/>
        <RunwayTime/>
        <AirlineData/>
      </DateTime>
      <Original/>
      <DelayReason>
        <Code>06</Code>
      </DelayReason>
    </Arrival>
    <SvcType>J</SvcType>
    <SchedInfoPresent>Y</SchedInfoPresent>
    <RelativeTime>
      <Remaining/>
    </RelativeTime>
    <SeqNum>2</SeqNum>
    <NumLegs>2</NumLegs>
    <AircraftPreviousFlightLeg>
      <FlightId>
        <FlightNumber>450</FlightNumber>
        <CommercialAirline>
          <AirlineId>
            <AirlineCode>CX</AirlineCode>
            <IATACode/>
          </AirlineId>
          <AirlineName>Cathay Pacific</AirlineName>
        </CommercialAirline>
      </FlightId>
      <Arrival>
        <DateTime>
          <Date utc="2019-05-06">2019-05-06</Date>
          <Time utc="03:55:00">11:55:00</Time>
          <Local/>
          <Scheduled/>
          <GateTime/>
          <ScheduleData/>
        </DateTime>
      </Arrival>
    </AircraftPreviousFlightLeg>
    <UpLineInfo>
      <FlightLeg Departure="HKG" DepContext="IATA" Arrival="TPE" ArrContext="IATA"/>
    </UpLineInfo>
  </Flight>
</FlightViewResults>
