{
  "TICKETNUMBER__FLIGHTNUMBER__CARRIERCODE__DATE": {
    "barcodeData": "",
    "qrCodeData": "",
    "seatNumber": "",
    "passengerClass": "",
    "eTicketNumber": "",
    "frequentFlierNumber": "",
    "iOSPassbookFile": "",
    "gate": "",
    "terminal": "",
    "securityNumber": "",
    "boardingGroup": "",
    "allowTSA": "",
    "allowFastTrack": ""
  },
  "00121739343360729QR2018-06-28": {
    "barcodeData": "barcodestring",
    "qrCodeData": "qrcodestring",
    "seatNumber": "1A",
    "passengerClass": "1st",
    "eTicketNumber": "123456",
    "frequentFlierNumber": "123-456",
    "iOSPassbookFile": "iOSPassbookFile",
    "gate": "19",
    "terminal": "A",
    "securityNumber": "12345",
    "boardingGroup": "1",
    "allowTSA": "true",
    "allowFastTrack": "false"
  },
  "00121739343370729QR2018-06-28": {
    "barcodeData": "barcodestring",
    "qrCodeData": "qrcodestring",
    "seatNumber": "1B",
    "passengerClass": "1st",
    "eTicketNumber": "123457",
    "frequentFlierNumber": "123-457",
    "iOSPassbookFile": "iOSPassbookFile",
    "gate": "19",
    "terminal": "A",
    "securityNumber": "12345",
    "boardingGroup": "1",
    "allowTSA": "true",
    "allowFastTrack": "false"
  },
  "2301DAFA0000CEBA0729QR2018-06-21": {
    "barcodeData": "barcodestring",
    "qrCodeData": "qrcodestring",
    "seatNumber": "1B",
    "passengerClass": "1st",
    "eTicketNumber": "9876",
    "frequentFlierNumber": "123-987",
    "iOSPassbookFile": "iOSPassbookFile",
    "gate": "20",
    "terminal": "B",
    "securityNumber": "54321",
    "boardingGroup": "1",
    "allowTSA": "false",
    "allowFastTrack": "false"
  }
}
