{
  "QFWKIU": {
    "rloc": "QFWKIU",
    "passengers": [
      {
        "givenName": "JESSE",
        "familyName": "JAMES",
        "title": "Mr",
        "ageCategory": "ADULT",
        "eTicketNumber": "0012173934336",
        "coupons": [
          {
            "flightNumber": "0729",
            "departureDateTime": "2018-06-28 08:15",
            "isCheckedIn": false,
            "isCheckInInhibited": false,
            "origin": "DOH",
            "destination": "DFW",
            "carrier": "QR"
          },
          {
            "flightNumber": "1408",
            "departureDateTime": "2018-06-28 19:10",
            "isCheckedIn": false,
            "isCheckInInhibited": false,
            "origin": "DFW",
            "destination": "LAX",
            "carrier": "AA"
          },
          {
            "flightNumber": "2459",
            "departureDateTime": "2018-06-30 08:05",
            "carrier": "AA",
            "origin": "LAX",
            "destination": "DFW",
            "isCheckedIn": false,
            "isCheckInInhibited": false
          }
        ]
      },
      {
        "givenName": "jen",
        "familyName": "james",
        "title": "Ms",
        "ageCategory": "ADULT",
        "eTicketNumber": "0012173934337",
        "coupons": [
          {
            "flightNumber": "0729",
            "departureDateTime": "2018-06-28 08:15",
            "isCheckedIn": false,
            "isCheckInInhibited": false,
            "origin": "DOH",
            "destination": "DFW",
            "carrier": "QR"
          },
          {
            "flightNumber": "1408",
            "departureDateTime": "2018-06-28 19:10",
            "isCheckedIn": false,
            "isCheckInInhibited": false,
            "origin": "DFW",
            "destination": "LAX",
            "carrier": "AA"
          },
          {
            "flightNumber": "2459",
            "departureDateTime": "2018-06-30 08:05",
            "carrier": "AA",
            "origin": "LAX",
            "destination": "DFW",
            "isCheckedIn": false,
            "isCheckInInhibited": false
          }
        ]
      }
    ],
    "flights": [
      {
        "flightNumber": "0729",
        "date": "2018-06-28",
        "carrier": "QR",
        "origin": "DOH",
        "destination": "DFW"
      },
      {
        "flightNumber": "1408",
        "date": "2018-06-28",
        "carrier": "AA",
        "origin": "DFW",
        "destination": "LAX"
      },
      {
        "flightNumber": "2459",
        "date": "2018-06-30",
        "carrier": "AA",
        "origin": "LAX",
        "destination": "DFW"
      }
    ]
  },
  "PL2WZU": {
    "rloc": "PL2WZU",
    "passengers": [
      {
        "givenName": "JESSE",
        "familyName": "JAMES",
        "title": "Mr",
        "ageCategory": "ADULT",
        "coupons": [
          {
            "flightNumber": "0729",
            "departureDateTime": "2018-06-21 08:15",
            "carrier": "QR",
            "origin": "DOH",
            "destination": "DFW",
            "eTicketNumber": "2301DAFA0000CEBA",
            "isCheckedIn": false,
            "isCheckInInhibited": false
          },
          {
            "flightNumber": "1408",
            "departureDateTime": "2018-06-21 19:10",
            "carrier": "AA",
            "origin": "DFW",
            "destination": "LAX",
            "eTicketNumber": "2301DAFA0000CEBA",
            "isCheckedIn": false,
            "isCheckInInhibited": false
          }
        ]
      }],
    "flights": [
      {
        "flightNumber": "0729",
        "date": "2018-06-21",
        "carrier": "QR",
        "origin": "DOH",
        "destination": "DFW"
      },
      {
        "flightNumber": "1408",
        "date": "2018-06-21",
        "carrier": "AA",
        "origin": "DFW",
        "destination": "LAX"
      }
    ]
  },
  "RO4I5R": {
    "rloc": "RO4I5R",
    "passengers": [
      {
        "givenName": "CARRIER",
        "familyName": "CONNECT",
        "title": "MR",
        "ageCategory": "ADULT",
        "coupons": [
          {
            "flightNumber": "0818",
            "departureDateTime": "2018-07-04 02:55",
            "isCheckedIn": false,
            "isCheckInInhibited": false,
            "eTicketNumber": "2301DB0700003763",
            "origin": "DOH",
            "destination": "HKG",
            "carrier": "QR"
          },
          {
            "flightNumber": "0470",
            "departureDateTime": "2018-07-04 17:45",
            "isCheckedIn": false,
            "isCheckInInhibited": false,
            "eTicketNumber": "2301DB0700003763",
            "origin": "HKG",
            "destination": "TPE",
            "carrier": "CX"
          }
        ]
      }
    ],
    "flights": [
      {
        "flightNumber": "0818",
        "date": "2018-07-04",
        "carrier": "QR",
        "origin": "DOH",
        "destination": "HKG"
      },
      {
        "flightNumber": "0470",
        "date": "2018-07-04",
        "carrier": "CX",
        "origin": "HKG",
        "destination": "TPE"
      }
    ]
  },
  "1p2i2o": {
    "rloc": "1p2i2o",
    "passengers": [
      {
        "givenName": "CARRIER",
        "familyName": "CONNECT",
        "title": "MR",
        "ageCategory": "ADULT",
        "coupons": [
          {
            "flightNumber": "0818",
            "departureDateTime": "2018-07-04 02:55",
            "isCheckedIn": false,
            "isCheckInInhibited": false,
            "eTicketNumber": "2301DB0700003763",
            "origin": "DOH",
            "destination": "HKG",
            "carrier": "QR"
          },
          {
            "flightNumber": "0470",
            "departureDateTime": "2018-07-04 17:45",
            "isCheckedIn": false,
            "isCheckInInhibited": false,
            "eTicketNumber": "2301DB0700003763",
            "origin": "HKG",
            "destination": "TPE",
            "carrier": "CX"
          },
          {
            "flightNumber": "0918",
            "departureDateTime": "2018-07-10 02:55",
            "isCheckedIn": false,
            "isCheckInInhibited": false,
            "eTicketNumber": "2301DB0700003763",
            "origin": "TPE",
            "destination": "HKG",
            "carrier": "QR"
          },
          {
            "flightNumber": "0970",
            "departureDateTime": "2018-07-10 17:45",
            "isCheckedIn": false,
            "isCheckInInhibited": false,
            "eTicketNumber": "2301DB0700003763",
            "origin": "HKG",
            "destination": "DOH",
            "carrier": "CX"
          }
        ]
      }
    ],
    "flights": [
      {
        "flightNumber": "0818",
        "date": "2018-07-04",
        "carrier": "QR",
        "origin": "DOH",
        "destination": "HKG"
      },
      {
        "flightNumber": "0470",
        "date": "2018-07-04",
        "carrier": "CX",
        "origin": "HKG",
        "destination": "TPE"
      },
      {
        "flightNumber": "0918",
        "date": "2018-07-10",
        "origin": "TPE",
        "destination": "HKG",
        "carrier": "QR"
      },
      {
        "flightNumber": "0970",
        "date": "2018-07-10",
        "origin": "HKG",
        "destination": "DOH",
        "carrier": "CX"
      }
    ]
  },
  "1c1inf": {
    "rloc": "1c1inf",
    "passengers": [
      {
        "givenName": "CARRIER",
        "familyName": "CONNECT",
        "title": "MR",
        "ageCategory": "ADULT",
        "coupons": [
          {
            "flightNumber": "0818",
            "departureDateTime": "2018-07-04 02:55",
            "isCheckedIn": false,
            "isCheckInInhibited": false,
            "eTicketNumber": "2301DB0700003763",
            "origin": "DOH",
            "destination": "HKG",
            "carrier": "QR"
          },
          {
            "flightNumber": "0470",
            "departureDateTime": "2018-07-04 17:45",
            "isCheckedIn": false,
            "isCheckInInhibited": false,
            "eTicketNumber": "2301DB0700003763",
            "origin": "HKG",
            "destination": "TPE",
            "carrier": "CX"
          },
          {
            "flightNumber": "0918",
            "departureDateTime": "2018-07-10 02:55",
            "isCheckedIn": false,
            "isCheckInInhibited": false,
            "eTicketNumber": "2301DB0700003763",
            "origin": "TPE",
            "destination": "HKG",
            "carrier": "QR"
          },
          {
            "flightNumber": "0970",
            "departureDateTime": "2018-07-10 17:45",
            "isCheckedIn": false,
            "isCheckInInhibited": false,
            "eTicketNumber": "2301DB0700003763",
            "origin": "HKG",
            "destination": "DOH",
            "carrier": "CX"
          }
        ]
      },
      {
        "givenName": "KINDER",
        "familyName": "CONNECT",
        "title": "MR",
        "ageCategory": "CHILD",
        "coupons": [
          {
            "flightNumber": "0818",
            "departureDateTime": "2018-07-04 02:55",
            "isCheckedIn": false,
            "isCheckInInhibited": false,
            "eTicketNumber": "2301DB0700003700",
            "origin": "DOH",
            "destination": "HKG",
            "carrier": "QR"
          },
          {
            "flightNumber": "0470",
            "departureDateTime": "2018-07-04 17:45",
            "isCheckedIn": false,
            "isCheckInInhibited": false,
            "eTicketNumber": "2301DB0700003700",
            "origin": "HKG",
            "destination": "TPE",
            "carrier": "CX"
          },
          {
            "flightNumber": "0918",
            "departureDateTime": "2018-07-10 02:55",
            "isCheckedIn": false,
            "isCheckInInhibited": false,
            "eTicketNumber": "2301DB0700003700",
            "origin": "TPE",
            "destination": "HKG",
            "carrier": "QR"
          },
          {
            "flightNumber": "0970",
            "departureDateTime": "2018-07-10 17:45",
            "isCheckedIn": false,
            "isCheckInInhibited": false,
            "eTicketNumber": "2301DB0700003700",
            "origin": "HKG",
            "destination": "DOH",
            "carrier": "CX"
          }
        ]
      },
      {
        "givenName": "BAMBINO",
        "familyName": "CONNECT",
        "title": "MR",
        "ageCategory": "INFANT",
        "coupons": [
          {
            "flightNumber": "0818",
            "departureDateTime": "2018-07-04 02:55",
            "isCheckedIn": false,
            "isCheckInInhibited": false,
            "eTicketNumber": "2301DB0700003711",
            "origin": "DOH",
            "destination": "HKG",
            "carrier": "QR"
          },
          {
            "flightNumber": "0470",
            "departureDateTime": "2018-07-04 17:45",
            "isCheckedIn": false,
            "isCheckInInhibited": false,
            "eTicketNumber": "2301DB0700003711",
            "origin": "HKG",
            "destination": "TPE",
            "carrier": "CX"
          },
          {
            "flightNumber": "0918",
            "departureDateTime": "2018-07-10 02:55",
            "isCheckedIn": false,
            "isCheckInInhibited": false,
            "eTicketNumber": "2301DB0700003711",
            "origin": "TPE",
            "destination": "HKG",
            "carrier": "QR"
          },
          {
            "flightNumber": "0970",
            "departureDateTime": "2018-07-10 17:45",
            "isCheckedIn": false,
            "isCheckInInhibited": false,
            "eTicketNumber": "2301DB0700003711",
            "origin": "HKG",
            "destination": "DOH",
            "carrier": "CX"
          }
        ]
      }
    ],
    "flights": [
      {
        "flightNumber": "0818",
        "date": "2018-07-04",
        "carrier": "QR",
        "origin": "DOH",
        "destination": "HKG"
      },
      {
        "flightNumber": "0470",
        "date": "2018-07-04",
        "carrier": "CX",
        "origin": "HKG",
        "destination": "TPE"
      },
      {
        "flightNumber": "0918",
        "date": "2018-07-10",
        "origin": "TPE",
        "destination": "HKG",
        "carrier": "QR"
      },
      {
        "flightNumber": "0970",
        "date": "2018-07-10",
        "origin": "HKG",
        "destination": "DOH",
        "carrier": "CX"
      }
    ]
  },
  "CHECKD": {
    "rloc": "CHECKD",
    "passengers": [
      {
        "givenName": "JESSE",
        "familyName": "JAMES",
        "title": "Mr",
        "ageCategory": "ADULT",
        "coupons": [
          {
            "flightNumber": "0729",
            "departureDateTime": "2018-06-21 08:15",
            "carrier": "QR",
            "origin": "DOH",
            "eTicketNumber": "2301DAFA0000CEBA",
            "destination": "DFW",
            "isCheckedIn": true,
            "isCheckInInhibited": false
          },
          {
            "flightNumber": "1408",
            "departureDateTime": "2018-06-21 19:10",
            "carrier": "AA",
            "origin": "DFW",
            "eTicketNumber": "2301DAFA0000CEBA",
            "destination": "LAX",
            "isCheckedIn": false,
            "isCheckInInhibited": false
          }
        ]
      }],
    "flights": [
      {
        "flightNumber": "0729",
        "date": "2018-06-21",
        "carrier": "QR",
        "origin": "DOH",
        "destination": "DFW"
      },
      {
        "flightNumber": "1408",
        "date": "2018-06-21",
        "carrier": "AA",
        "origin": "DFW",
        "destination": "LAX"
      }
    ]
  }
}
