{
  "Description": "Cloud Car beanstalk application",
  "Parameters": {
    "AWSRegion": {
      "Default": "us-east-1",
      "Type": "String"
    },
    "AppName": {
      "Default": "cloudcar",
      "Type": "String"
    },
    "BuildBucket": {
      "Default": "cloudcar-builds",
      "Type": "String"
    },
    "BuildArtifact": {
      "Type": "String"
    },
    "EbServerEnvName": {
      "Default": "server",
      "Type": "String"
    },
    "EbAsgMinSize": {
      "Default": "1",
      "Type": "String"
    },
    "EbAsgMaxSize": {
      "Default": "5",
      "Type": "String"
    },
    "EbAsgInstanceType": {
      "Default": "m5.large",
      "Type": "String"
    },
    "VpcCidrBlock": {
      "Default": "10.0.0.0/16",
      "Type": "String"
    },
    "AppCidrBlock": {
      "Default": "10.0.0.64/26",
      "Type": "String"
    },
    "DBCidrBlockA": {
      "Default": "10.0.0.128/26",
      "Type": "String"
    },
    "DBCidrBlockB": {
      "Default": "10.0.64.0/26",
      "Type": "String"
    },
    "PublicCidrBlock1a": {
      "Default": "10.0.32.0/26",
      "Type": "String"
    },
    "DBInstanceClass": {
      "Default": "db.t3.medium",
      "Type": "String"
    },
    "DBInstanceAppName": {
      "Default": "cloudcar-production",
      "Type": "String"
    },
    "DBInstanceIdentifier": {
      "Default": "app-database",
      "Type": "String"
    },
    "DBName": {
      "Default": "cloudcar",
      "Type": "String"
    },
    "DBMasterUser": {
      "Default": "master_user",
      "Type": "String"
    },
    "DBMasterPassword": {
      "Default": "super_secret_master_password",
      "Type": "String"
    },
    "NodeEnv": {
      "Default": "Production",
      "Type": "String"
    },
    "CognitoUserPoolID": {
      "Default": "",
      "Type": "String"
    },
    "CognitoClientID": {
      "Default": "",
      "Type": "String"
    },
    "CognitoRegion": {
      "Default": "us-east-1",
      "Type": "String"
    },
    "NPMToken": {
      "Type": "String"
    },
    "APIKey": {
      "Type": "String"
    },
    "AnalyticsReaderUrl": {
      "Type": "String"
    },
    "AnalyticsReaderKey": {
      "Type": "String"
    },
    "AnalyticsQueueUrl": {
      "Type": "String"
    },
    "AnalyticsQueueKey": {
      "Type": "String"
    },
    "FlifoApiUrl": {
      "Type": "String"
    },
    "FlifoApiKey": {
      "Type": "String"
    },
    "JwtKidApiUrl": {
      "Type": "String"
    },
    "JwtKidApiKey": {
      "Type": "String"
    },
    "ApiHubUrl": {
      "Type": "String"
    },
    "ApiHubUrlSandbox": {
      "Type": "String"
    },
    "PlatformStage": {
      "Type": "String",
      "Default": ""
    },
    "RDCarrierJWTsAlias": {
      "Type": "String",
      "Default": ""
    },
    "RDCarrierJWTsKeyId": {
      "Type": "String",
      "Default": ""
    }
  },

  "Resources": {

    "EbApp": {
      "Type": "AWS::ElasticBeanstalk::Application",
      "Properties": {
        "ApplicationName": {
          "Ref": "AppName"
        },
        "Description": "ElasticBeanstalk Worker Tier"
      }
    },

    "EbApplicationVersion": {
      "Type": "AWS::ElasticBeanstalk::ApplicationVersion",
      "Properties": {
        "ApplicationName": {
          "Ref": "AppName"
        },
        "Description": "AWS ElasticBeanstalk Sample Application Version",
        "SourceBundle": {
          "S3Bucket": {
            "Ref": "BuildBucket"
          },
          "S3Key": {
            "Ref": "BuildArtifact"
          }
        }
      },
      "DependsOn": "EbApp"
    },


    "EbServerEnv": {
      "Type": "AWS::ElasticBeanstalk::Environment",
      "Properties": {
        "ApplicationName": {
          "Ref": "EbApp"
        },
        "VersionLabel": {
          "Ref": "EbApplicationVersion"
        },
        "EnvironmentName": {
          "Fn::Join": ["-", [{ "Ref": "AppName" }, { "Ref": "EbServerEnvName" }]]
        },
        "OptionSettings": [

          {
            "Namespace": "aws:elasticbeanstalk:application:environment",
            "OptionName": "DATABASE_URL",
            "Value": {
              "Fn::Join": [
                "", [
                  "postgres://",
                  {
                    "Ref": "DBMasterUser"
                  },
                  ":",
                  {
                    "Ref": "DBMasterPassword"
                  },
                  "@",
                  {
                    "Fn::GetAtt": ["DBInstance", "Endpoint.Address"]
                  },
                  "/",
                  {
                    "Ref": "DBName"
                  }
                ]
              ]
            }
          },

          {
            "Namespace": "aws:autoscaling:launchconfiguration",
            "OptionName": "DisableIMDSv1",
            "Value": "true"
          },

          {
            "Namespace": "aws:elasticbeanstalk:application:environment",
            "OptionName": "APP_NAME",
            "Value": {
              "Ref": "AppName"
            }
          },

          {
            "Namespace": "aws:elasticbeanstalk:application:environment",
            "OptionName": "NODE_ENV",
            "Value": {
              "Ref": "NodeEnv"
            }
          },

          {
            "Namespace": "aws:elasticbeanstalk:application:environment",
            "OptionName": "COGNITO_USER_POOL_ID",
            "Value": {
              "Ref": "CognitoUserPoolID"
            }
          },
          {
            "Namespace": "aws:elasticbeanstalk:application:environment",
            "OptionName": "COGNITO_CLIENT_ID",
            "Value": {
              "Ref": "CognitoClientID"
            }
          },

          {
            "Namespace": "aws:elasticbeanstalk:application:environment",
            "OptionName": "COGNITO_REGION",
            "Value": {
              "Ref": "CognitoRegion"
            }
          },


          {
            "Namespace": "aws:elasticbeanstalk:application:environment",
            "OptionName": "ANALYTICS_KEY",
            "Value": {
              "Ref": "AnalyticsReaderKey"
            }
          },

          {
            "Namespace": "aws:elasticbeanstalk:application:environment",
            "OptionName": "ANALYTICS_URL",
            "Value": {
              "Ref": "AnalyticsReaderUrl"
            }
          },

          {
            "Namespace": "aws:elasticbeanstalk:application:environment",
            "OptionName": "ANALYTICS_QUEUE_KEY",
            "Value": {
              "Ref": "AnalyticsQueueKey"
            }
          },

          {
            "Namespace": "aws:elasticbeanstalk:application:environment",
            "OptionName": "ANALYTICS_QUEUE_URL",
            "Value": {
              "Ref": "AnalyticsQueueUrl"
            }
          },

          {
            "Namespace": "aws:elasticbeanstalk:application:environment",
            "OptionName": "ANALYTICS_READER_KEY",
            "Value": {
              "Ref": "AnalyticsReaderKey"
            }
          },

          {
            "Namespace": "aws:elasticbeanstalk:application:environment",
            "OptionName": "ANALYTICS_READER_URL",
            "Value": {
              "Ref": "AnalyticsReaderUrl"
            }
          },

          {
            "Namespace": "aws:elasticbeanstalk:application:environment",
            "OptionName": "JWT_KID_API_URL",
            "Value": {
              "Ref": "JwtKidApiUrl"
            }
          },

          {
            "Namespace": "aws:elasticbeanstalk:application:environment",
            "OptionName": "JWT_KID_API_KEY",
            "Value": {
              "Ref": "JwtKidApiKey"
            }
          },

          {
            "Namespace": "aws:elasticbeanstalk:application:environment",
            "OptionName": "DEFAULT_FLIFO_API_URL",
            "Value": {
              "Ref": "FlifoApiUrl"
            }
          },

          {
            "Namespace": "aws:elasticbeanstalk:application:environment",
            "OptionName": "FLIFO_API_KEY",
            "Value": {
              "Ref": "FlifoApiKey"
            }
          },

          {
            "Namespace": "aws:elasticbeanstalk:application:environment",
            "OptionName": "API_HUB_URL",
            "Value": {
              "Ref": "ApiHubUrl"
            }
          },

          {
            "Namespace": "aws:elasticbeanstalk:application:environment",
            "OptionName": "API_HUB_URL_SANDBOX",
            "Value": {
              "Ref": "ApiHubUrlSandbox"
            }
          },

          {
            "Namespace": "aws:elasticbeanstalk:application:environment",
            "OptionName": "PLATFORM_STAGE",
            "Value": {
              "Ref": "PlatformStage"
            }
          },

          {
            "Namespace": "aws:elasticbeanstalk:application:environment",
            "OptionName": "NPM_TOKEN",
            "Value": {
              "Ref": "NPMToken"
            }
          },
          {
            "Namespace": "aws:elasticbeanstalk:application:environment",
            "OptionName": "API_KEY",
            "Value": {
              "Ref": "APIKey"
            }
          },
          {
            "Namespace": "aws:elasticbeanstalk:application:environment",
            "OptionName": "RD_CARRIER_JWTS_KEY_ALIAS",
            "Value": {
              "Ref": "RDCarrierJWTsAlias"
            }
          },
          {
            "Namespace": "aws:elasticbeanstalk:environment",
            "OptionName": "ServiceRole",
            "Value": "aws-elasticbeanstalk-service-role"
          },
          {
            "Namespace": "aws:elasticbeanstalk:cloudwatch:logs",
            "OptionName": "StreamLogs",
            "Value": "true"
          },
          {
            "Namespace": "aws:autoscaling:asg",
            "OptionName": "MaxSize",
            "Value": {
              "Ref": "EbAsgMaxSize"
            }
          },
          {
            "Namespace": "aws:autoscaling:asg",
            "OptionName": "MinSize",
            "Value": {
              "Ref": "EbAsgMinSize"
            }
          },
          {
            "Namespace": "aws:autoscaling:launchconfiguration",
            "OptionName": "BlockDeviceMappings"
          },
          {
            "Namespace": "aws:autoscaling:launchconfiguration",
            "OptionName": "IamInstanceProfile",
            "Value": {
              "Ref": "EBInstanceProfile"
            }
          },
          {
            "Namespace": "aws:autoscaling:launchconfiguration",
            "OptionName": "RootVolumeSize",
            "Value": "10"
          },
          {
            "Namespace": "aws:autoscaling:launchconfiguration",
            "OptionName": "RootVolumeType",
            "Value": "gp2"
          },
          {
            "Namespace": "aws:autoscaling:updatepolicy:rollingupdate",
            "OptionName": "MaxBatchSize",
            "Value": "1"
          },
          {
            "Namespace": "aws:autoscaling:updatepolicy:rollingupdate",
            "OptionName": "MinInstancesInService",
            "Value": "1"
          },
          {
            "Namespace": "aws:autoscaling:updatepolicy:rollingupdate",
            "OptionName": "RollingUpdateEnabled",
            "Value": "true"
          },
          {
            "Namespace": "aws:autoscaling:updatepolicy:rollingupdate",
            "OptionName": "RollingUpdateType",
            "Value": "Time"
          },
          {
            "Namespace": "aws:autoscaling:updatepolicy:rollingupdate",
            "OptionName": "Timeout",
            "Value": "PT5M"
          },
          {
            "Namespace": "aws:autoscaling:updatepolicy:rollingupdate",
            "OptionName": "PauseTime",
            "Value": "PT30S"
          },
          {
            "Namespace": "aws:elasticbeanstalk:command",
            "OptionName": "DeploymentPolicy",
            "Value": "Rolling"
          },
          {
            "Namespace": "aws:elasticbeanstalk:command",
            "OptionName": "BatchSize",
            "Value": "30"
          },
          {
            "Namespace": "aws:elasticbeanstalk:command",
            "OptionName": "BatchSizeType",
            "Value": "percentage"
          },
          {
            "Namespace": "aws:elasticbeanstalk:command",
            "OptionName": "Timeout",
            "Value": "1"
          },
          {
            "Namespace": "aws:elasticbeanstalk:control",
            "OptionName": "DefaultSSHPort",
            "Value": "22"
          },
          {
            "Namespace": "aws:elasticbeanstalk:control",
            "OptionName": "LaunchTimeout",
            "Value": "0"
          },
          {
            "Namespace": "aws:elasticbeanstalk:control",
            "OptionName": "LaunchType",
            "Value": "Migration"
          },
          {
            "Namespace": "aws:elasticbeanstalk:control",
            "OptionName": "RollbackLaunchOnFailure",
            "Value": "true"
          },
          {
            "Namespace": "aws:elasticbeanstalk:hostmanager",
            "OptionName": "LogPublicationControl",
            "Value": "true"
          },
          {
            "Namespace": "aws:elasticbeanstalk:monitoring",
            "OptionName": "Automatically Terminate Unhealthy Instances",
            "Value": "true"
          },
          {
            "Namespace": "aws:elasticbeanstalk:healthreporting:system",
            "OptionName": "SystemType",
            "Value": "enhanced"
          },
          {
            "Namespace": "aws:elasticbeanstalk:managedactions",
            "OptionName": "ManagedActionsEnabled",
            "Value": "true"
          },
          {
            "Namespace": "aws:elasticbeanstalk:managedactions",
            "OptionName": "PreferredStartTime",
            "Value": "Tue:14:00"
          },
          {
            "Namespace": "aws:elasticbeanstalk:managedactions:platformupdate",
            "OptionName": "UpdateLevel",
            "Value": "minor"
          },
          {
            "Namespace": "aws:elasticbeanstalk:managedactions:platformupdate",
            "OptionName": "InstanceRefreshEnabled",
            "Value": "true"
          },
          {
            "Namespace": "aws:ec2:instances",
            "OptionName": "InstanceTypes",
            "Value": {
              "Ref": "EbAsgInstanceType"
            }
          },
          {
            "Namespace": "aws:ec2:vpc",
            "OptionName": "VPCId",
            "Value": {
              "Ref": "VPC"
            }
          },
          {
            "Namespace": "aws:ec2:vpc",
            "OptionName": "Subnets",
            "Value": {
              "Ref": "AppSubnet"
            }
          },
          {
            "Namespace": "aws:ec2:vpc",
            "OptionName": "ELBSubnets",
            "Value": {
              "Ref": "LoadBalancerSubnet1a"
            }
          },
          {
            "Namespace": "aws:ec2:vpc",
            "OptionName": "AssociatePublicIpAddress",
            "Value": "false"
          }
        ],
        "Description": "Server Environment",
        "Tier": {
          "Type": "Standard",
          "Name": "WebServer"
        },
        "SolutionStackName": "64bit Amazon Linux 2 v5.5.1 running Node.js 16"
      }
    },

    "DBInstance": {
      "Type": "AWS::RDS::DBInstance",
      "Properties": {
        "PubliclyAccessible": "true",
        "MasterUsername": {
          "Ref": "DBMasterUser"
        },
        "VPCSecurityGroups": [{
          "Ref": "RDSSecurityGroup"
        }],
        "DBSubnetGroupName": {
          "Ref": "DBSubnetGroup"
        },
        "BackupRetentionPeriod": "7",
        "Engine": "postgres",
        "MultiAZ": "true",
        "AllowMajorVersionUpgrade": "true",
        "MasterUserPassword": {
          "Ref": "DBMasterPassword"
        },
        "AutoMinorVersionUpgrade": "true",
        "StorageType": "gp2",
        "DeletionProtection": "true",
        "AllocatedStorage": "100",
        "DBInstanceClass": {
          "Ref": "DBInstanceClass"
        },
        "DBName": {
          "Ref": "DBName"
        },
        "DBInstanceIdentifier": {
          "Fn::Join": [
            "-", [{
              "Ref": "DBInstanceAppName"
            },
                  {
                    "Ref": "DBInstanceIdentifier"
                  }
                 ]
          ]
        }
      }
    },

    "RDSSecurityGroup": {
      "Type": "AWS::EC2::SecurityGroup",
      "Properties": {
        "SecurityGroupIngress": [{
          "FromPort": 5432,
          "ToPort": 5432,
          "IpProtocol": "tcp",
          "CidrIp": {
            "Ref": "AppCidrBlock"
          }
        }, {
          "FromPort": 5432,
          "ToPort": 5432,
          "IpProtocol": "tcp",
          "CidrIp": "3.226.17.43/32"
        }, {
          "FromPort": 5432,
          "ToPort": 5432,
          "IpProtocol": "tcp",
          "CidrIp": "38.109.105.202/32"
        }],
        "VpcId": {
          "Ref": "VPC"
        },
        "GroupDescription": "Open SSH"
      }
    },

    "VPC": {
      "Type": "AWS::EC2::VPC",
      "Properties": {
        "CidrBlock": {
          "Ref": "VpcCidrBlock"
        },
        "EnableDnsSupport": "true",
        "InstanceTenancy": "default",
        "EnableDnsHostnames": "true"
      }
    },

    "InternetGateway": {
      "Type": "AWS::EC2::InternetGateway",
      "Properties": {}
    },

    "InternetGatewayAttachment": {
      "Type": "AWS::EC2::VPCGatewayAttachment",
      "Properties": {
        "VpcId": {
          "Ref": "VPC"
        },
        "InternetGatewayId": {
          "Ref": "InternetGateway"
        }
      }
    },

    "NATIPAddress": {
      "Type": "AWS::EC2::EIP",
      "Properties": {
        "Domain": "vpc"
      }
    },

    "AppNATGateway": {
      "Type": "AWS::EC2::NatGateway",
      "Properties": {
        "AllocationId": {
          "Fn::GetAtt": [
            "NATIPAddress",
            "AllocationId"
          ]
        },
        "SubnetId": {
          "Ref": "LoadBalancerSubnet1a"
        }
      }
    },

    "LoadBalancerRouteTable": {
      "Type": "AWS::EC2::RouteTable",
      "Properties": {
        "VpcId": {
          "Ref": "VPC"
        }
      }
    },

    "LoadBalancerPublicRoute": {
      "Type": "AWS::EC2::Route",
      "Properties": {
        "GatewayId": {
          "Ref": "InternetGateway"
        },
        "DestinationCidrBlock": "0.0.0.0/0",
        "RouteTableId": {
          "Ref": "LoadBalancerRouteTable"
        }
      },
      "DependsOn": "InternetGatewayAttachment"
    },

    "PrivateRouteTable": {
      "Type": "AWS::EC2::RouteTable",
      "Properties": {
        "VpcId": {
          "Ref": "VPC"
        }
      }
    },

    "Route": {
      "Type": "AWS::EC2::Route",
      "Properties": {
        "NatGatewayId": {
          "Ref": "AppNATGateway"
        },
        "DestinationCidrBlock": "0.0.0.0/0",
        "RouteTableId": {
          "Ref": "PrivateRouteTable"
        }
      },
      "DependsOn": "AppNATGateway"
    },

    "AppSubnet": {
      "Type": "AWS::EC2::Subnet",
      "Properties": {
        "VpcId": {
          "Ref": "VPC"
        },
        "CidrBlock": {
          "Ref": "AppCidrBlock"
        },
        "AvailabilityZone": "us-east-1a"
      }
    },

    "LoadBalancerSubnet1a": {
      "Type": "AWS::EC2::Subnet",
      "Properties": {
        "VpcId": {
          "Ref": "VPC"
        },
        "CidrBlock": {
          "Ref": "PublicCidrBlock1a"
        },
        "AvailabilityZone": "us-east-1a"
      }
    },

    "DBSubnetA": {
      "Type": "AWS::EC2::Subnet",
      "Properties": {
        "VpcId": {
          "Ref": "VPC"
        },
        "CidrBlock": {
          "Ref": "DBCidrBlockA"
        },
        "AvailabilityZone": "us-east-1b"
      }
    },

    "DBSubnetB": {
      "Type": "AWS::EC2::Subnet",
      "Properties": {
        "VpcId": {
          "Ref": "VPC"
        },
        "CidrBlock": {
          "Ref": "DBCidrBlockB"
        },
        "AvailabilityZone": "us-east-1c"
      }
    },

    "LoadBalancerSubnetAssociation": {
      "Type": "AWS::EC2::SubnetRouteTableAssociation",
      "Properties": {
        "SubnetId": {
          "Ref": "LoadBalancerSubnet1a"
        },
        "RouteTableId": {
          "Ref": "LoadBalancerRouteTable"
        }
      }
    },

    "AppSubnetAssociation": {
      "Type": "AWS::EC2::SubnetRouteTableAssociation",
      "Properties": {
        "SubnetId": {
          "Ref": "AppSubnet"
        },
        "RouteTableId": {
          "Ref": "PrivateRouteTable"
        }
      }
    },

    "DBSubnetAssociationA": {
      "Type": "AWS::EC2::SubnetRouteTableAssociation",
      "Properties": {
        "SubnetId": {
          "Ref": "DBSubnetA"
        },
        "RouteTableId": {
          "Ref": "LoadBalancerRouteTable"
        }
      }
    },

    "DBSubnetAssociationB": {
      "Type": "AWS::EC2::SubnetRouteTableAssociation",
      "Properties": {
        "SubnetId": {
          "Ref": "DBSubnetB"
        },
        "RouteTableId": {
          "Ref": "LoadBalancerRouteTable"
        }
      }
    },
    "DBSubnetGroup": {
      "Type": "AWS::RDS::DBSubnetGroup",
      "Properties": {
        "SubnetIds": [{
          "Ref": "DBSubnetA"
        }, {
          "Ref": "DBSubnetB"
        }],
        "DBSubnetGroupDescription": "Subnet Group for database"
      }
    },

    "EBRole": {
      "Type": "AWS::IAM::Role",
      "Properties": {
        "AssumeRolePolicyDocument": {
          "Version": "2012-10-17",
          "Statement": [{
            "Effect": "Allow",
            "Principal": {
              "Service": ["ec2.amazonaws.com"]
            },
            "Action": ["sts:AssumeRole"]
          }]
        },
        "Policies": [{
          "PolicyName": {
            "Fn::Join": [
              "-",
              [
                { "Ref": "AppName" },
                "WriteLogs"
              ]
            ]
          },

          "PolicyDocument": {
            "Version": "2012-10-17",
            "Statement": [{
              "Effect": "Allow",
              "Action": [
                "logs:CreateLogGroup",
                "logs:CreateLogStream",
                "logs:PutLogEvents",
                "logs:DescribeLogStreams"
              ],
              "Resource": [
                "*"
              ]
            }]
          }
        }, {
          "PolicyName": {
            "Fn::Join": [
              "-",
              [
                { "Ref": "AppName" },
                "CognitoPermission",
                { "Ref": "CognitoUserPoolID" }
              ]
            ]
          },

          "PolicyDocument": {
            "Version": "2012-10-17",
            "Statement": [{
              "Effect": "Allow",
              "Action": [
                "cognito-idp:AdminCreateUser",
                "cognito-idp:AdminDeleteUser",
                "cognito-idp:ListUsers"
              ],
              "Resource": {
                "Fn::Join": [
                  "",
                  [
                    "arn:aws:cognito-idp:",
                    { "Ref": "CognitoRegion" },
                    ":",
                    { "Ref": "AWS::AccountId" },
                    ":userpool/",
                    { "Ref": "CognitoUserPoolID" }
                  ]
                ]
              }
            }]
          }
        }, {
          "PolicyName": {
            "Fn::Join": [
              "-",
              [
                { "Ref": "AppName" },
                "SESPermissions"
              ]
            ]
          },

          "PolicyDocument": {
            "Version": "2012-10-17",
            "Statement": [{
              "Effect": "Allow",
              "Action": [
                "ses:SendEmail"
              ],
              "Resource": "*"
            }]
          }
        }, {
          "PolicyName": {
            "Fn::Join": [
              "-",
              [
                { "Ref": "AppName" },
                "KMSPermission",
                { "Ref": "RDCarrierJWTsAlias" }
              ]
            ]
          },

          "PolicyDocument": {
            "Version": "2012-10-17",
            "Statement": [{
              "Effect": "Allow",
              "Action": [
                "kms:DescribeKey",
                "kms:Encrypt"
              ],
              "Resource": {
                "Fn::Join": [
                  "",
                  [
                    "arn:aws:kms:",
                    { "Ref": "CognitoRegion" },
                    ":",
                    { "Ref": "AWS::AccountId" },
                    ":key/",
                    { "Ref": "RDCarrierJWTsKeyId" }
                  ]
                ]
              }
            }]
          }
        }],
        "ManagedPolicyArns": [
          "arn:aws:iam::aws:policy/service-role/AWSElasticBeanstalkService"
        ]
      }
    },

    "EBInstanceProfile": {
      "Type": "AWS::IAM::InstanceProfile",
      "Properties": {
        "Path": "/",
        "Roles": [{
          "Ref": "EBRole"
        }]
      }
    }
  }
}
